{
  "routes": [
    {
      "method": "GET",
      "path": "/cards/my",
      "handler": "card.getMyCards",
      "config": {
        "policies": ["global::pass-jwt-user"]
      }
    },
    {
      "method": "GET",
      "path": "/cards/:cardId",
      "handler": "card.getSingle",
      "config": {
        "policies": ["global::pass-jwt-user"]
      }
    },
    {
      "method": "PUT",
      "path": "/cards/:cardId/pin",
      "handler": "card.changePin",
      "config": {
        "policies": ["global::pass-jwt-user"]
      }
    },
    {
      "method": "PUT",
      "path": "/cards/:cardId/limits",
      "handler": "card.changeLimits",
      "config": {
        "policies": ["global::pass-jwt-user"]
      }
    }
  ]
}
