{
   "routes": [
      {
         "method": "POST",
         "path": "/auth/local/register",
         "handler": "user.register",
         "config": {
            "policies": ["plugins::users-permissions.ratelimit"],
            "prefix": "",
            "description": "Register a new user with the default role",
            "tag": {
               "plugin": "users-permissions",
               "name": "User",
               "actionType": "create"
            }
         }
      },
      {
         "method": "POST",
         "path": "/auth/local/login",
         "handler": "user.login",
         "config": {
            "policies": ["plugins::users-permissions.ratelimit"],
            "prefix": "",
            "description": "Login a user using the identifiers email and password",
            "tag": {
               "plugin": "users-permissions",
               "name": "User"
            }
         }
      },
      {
         "method": "PUT",
         "path": "/users/:id",
         "handler": "User.update",
         "config": {
            "policies": ["global::pass-jwt-user"],
            "prefix": "",
            "description": "Update an existing user",
            "tag": {
               "plugin": "users-permissions",
               "name": "User",
               "actionType": "update"
            }
         }
      },
      {
         "method": "GET",
         "path": "/users/get-myself",
         "handler": "user.getMyself",
         "config": {
            "policies": ["global::pass-jwt-user"],
            "prefix": ""
         }
      }
   ]
}
