{
   "routes": [
     {
       "method": "GET",
       "path": "/messages/my",
       "handler": "message.getMyMessages",
       "config": {
         "policies": ["global::pass-jwt-user"]
       }
     },
     {
       "method": "GET",
       "path": "/messages/:messageId",
       "handler": "message.getSingle",
       "config": {
         "policies": ["global::pass-jwt-user"]
       }
     },
     {
       "method": "PUT",
       "path": "/messages/:messageId/toggle-read",
       "handler": "message.toggleRead",
       "config": {
         "policies": ["global::pass-jwt-user"]
       }
     },
     {
       "method": "DELETE",
       "path": "/messages/:messageId/delete",
       "handler": "message.remove",
       "config": {
         "policies": ["global::pass-jwt-user"]
       }
     }
   ]
 }
 