{
  "kind": "collectionType",
  "collectionName": "messages",
  "info": {
    "name": "message",
    "description": ""
  },
  "options": {
    "increments": true,
    "timestamps": false,
    "draftAndPublish": true
  },
  "attributes": {
    "recipient": {
      "via": "message",
      "plugin": "users-permissions",
      "model": "user"
    },
    "title": {
      "type": "string",
      "required": true
    },
    "content": {
      "type": "text",
      "required": true
    },
    "sent_at": {
      "type": "datetime",
      "required": true
    },
    "is_read": {
      "type": "boolean",
      "default": false
    },
    "read_at": {
      "type": "datetime",
      "required": true
    }
  }
}
